objectPath,objectName,objectType,id
/SYS,CHC_KINAXIS_US_ORA_TRANSCO_EMEA,Connection,dfvbKW4XEAGj7nH1vD4NAM
/Explore/CHC_KINAXIS_US/IF086_TPM,BS_CHC_KINAXIS_US_TPM_TOKEN,BSERVICE,63WCemv3APvdgCdqxPt7Kc
/Explore/CHC_KINAXIS_US/IF086_TPM,M_CHC_KINAXIS_US_TPM_FORECAST,DTEMPLATE,0LMJpyU32q6ks51CgZ8laQ
/SYS,CHC_KINAXIS_US_SF_EMEA,Connection,7RZcWmRG78PgdxypApANCT
/SYS,CHC_KINAXIS_US_S3_EMEA,Connection,6VnrkF6yIoejoOojvtZls9
/Explore,CHC_KINAXIS_US,Project,aTeJLxyepM4iV3beCqa3Ae
/SYS,CHC_KINAXIS_US_REST_TPM_TOKEN_EMEA,Connection,ipvZ4pFPq8XkxvmnIbIfo9
/Explore/CHC_KINAXIS_US,IF086_TPM,Folder,exwKlW9hEQZiQcyNpmCUYt
/Explore/CHC_KINAXIS_US/IF086_TPM,MT_M_CHC_KINAXIS_US_TPM_FORECAST,MTT,3NE9oDKoNflclwRkZvs2wU
/Explore/CHC_KINAXIS_US/IF086_TPM,HS_CHC_KINAXIS_US_TPM_Forecast,HSCHEMA,edQo0Xog7k6hQ4zi7GVM0T
/SYS,EMEA-CHC-AWS-CLOUD-SA,AgentGroup,1shtmdEknPfhp347sXpzYB