{
  "name" : "job-1688724835502",
  "sourceOrgId" : "21EXK62okMcgfuAHALbIi7",
  "sourceOrgName" : "Development - Opella Healthcare Group SAS",
  "exportedObjects" : [ {
    "objectGuid" : "dfvbKW4XEAGj7nH1vD4NAM",
    "objectName" : "CHC_KINAXIS_US_ORA_TRANSCO_EMEA",
    "objectType" : "Connection",
    "path" : "/SYS",
    "metadata" : {
      "modelVersion" : {
        "major" : 0,
        "minor" : 0
      },
      "repoInfo" : {
        "repoHandle" : "011AK00B000000000013"
      },
      "objectRefs" : [ "1shtmdEknPfhp347sXpzYB" ],
      "contextAttributes" : [ {
        "name" : "id",
        "value" : "@1"
      } ],
      "additionalInfo" : {
        "description" : "A connection to Oracle",
        "contentType" : "JSON",
        "documentState" : "COMPLETE"
      }
    }
  }, {
    "objectGuid" : "63WCemv3APvdgCdqxPt7Kc",
    "objectName" : "BS_CHC_KINAXIS_US_TPM_TOKEN",
    "objectType" : "BSERVICE",
    "path" : "/Explore/CHC_KINAXIS_US/IF086_TPM",
    "metadata" : {
      "modelVersion" : {
        "major" : 0,
        "minor" : 0
      },
      "repoInfo" : {
        "repoHandle" : "011AK027000000000007"
      },
      "objectRefs" : [ "ipvZ4pFPq8XkxvmnIbIfo9" ],
      "contextAttributes" : [ {
        "name" : "id",
        "value" : "@1"
      }, {
        "name" : "011AK028000000000007",
        "value" : "63WCemv3APvdgCdqxPt7Kc@Tpm_Token"
      } ],
      "additionalInfo" : {
        "description" : "Business Service for TPM Token.",
        "contentType" : "JSON",
        "documentState" : "VALID"
      }
    }
  }, {
    "objectGuid" : "0LMJpyU32q6ks51CgZ8laQ",
    "objectName" : "M_CHC_KINAXIS_US_TPM_FORECAST",
    "objectType" : "DTEMPLATE",
    "path" : "/Explore/CHC_KINAXIS_US/IF086_TPM",
    "metadata" : {
      "modelVersion" : {
        "major" : 0,
        "minor" : 0
      },
      "repoInfo" : {
        "repoHandle" : "011AK01700000000001N"
      },
      "objectRefs" : [ "dfvbKW4XEAGj7nH1vD4NAM", "edQo0Xog7k6hQ4zi7GVM0T", "63WCemv3APvdgCdqxPt7Kc", "6VnrkF6yIoejoOojvtZls9", "7RZcWmRG78PgdxypApANCT" ],
      "contextAttributes" : [ {
        "name" : "id",
        "value" : "@1"
      } ],
      "additionalInfo" : {
        "description" : "Generates flat file with forecast for current and next year.",
        "contentType" : "JSON",
        "documentState" : "VALID"
      }
    }
  }, {
    "objectGuid" : "7RZcWmRG78PgdxypApANCT",
    "objectName" : "CHC_KINAXIS_US_SF_EMEA",
    "objectType" : "Connection",
    "path" : "/SYS",
    "metadata" : {
      "modelVersion" : {
        "major" : 0,
        "minor" : 0
      },
      "repoInfo" : {
        "repoHandle" : "011AK00B00000000000V"
      },
      "objectRefs" : [ "1shtmdEknPfhp347sXpzYB" ],
      "contextAttributes" : [ {
        "name" : "id",
        "value" : "@1"
      } ],
      "additionalInfo" : {
        "description" : "A connection to Kinaxis TPM",
        "contentType" : "JSON",
        "documentState" : "COMPLETE"
      }
    }
  }, {
    "objectGuid" : "6VnrkF6yIoejoOojvtZls9",
    "objectName" : "CHC_KINAXIS_US_S3_EMEA",
    "objectType" : "Connection",
    "path" : "/SYS",
    "metadata" : {
      "modelVersion" : {
        "major" : 0,
        "minor" : 0
      },
      "repoInfo" : {
        "repoHandle" : "011AK00B000000000012"
      },
      "objectRefs" : [ "1shtmdEknPfhp347sXpzYB" ],
      "contextAttributes" : [ {
        "name" : "id",
        "value" : "@1"
      } ],
      "additionalInfo" : {
        "description" : "A connection to S3 bucket",
        "contentType" : "JSON",
        "documentState" : "COMPLETE"
      }
    }
  }, {
    "objectGuid" : "aTeJLxyepM4iV3beCqa3Ae",
    "objectName" : "CHC_KINAXIS_US",
    "objectType" : "Project",
    "path" : "/Explore",
    "metadata" : {
      "modelVersion" : {
        "major" : 0,
        "minor" : 0
      },
      "repoInfo" : null,
      "objectRefs" : [ ],
      "contextAttributes" : [ ],
      "additionalInfo" : {
        "description" : "MyApps ID : 014603",
        "contentType" : "Binary",
        "documentState" : "COMPLETE"
      }
    }
  }, {
    "objectGuid" : "ipvZ4pFPq8XkxvmnIbIfo9",
    "objectName" : "CHC_KINAXIS_US_REST_TPM_TOKEN_EMEA",
    "objectType" : "Connection",
    "path" : "/SYS",
    "metadata" : {
      "modelVersion" : {
        "major" : 0,
        "minor" : 0
      },
      "repoInfo" : {
        "repoHandle" : "011AK00B00000000000U"
      },
      "objectRefs" : [ "1shtmdEknPfhp347sXpzYB" ],
      "contextAttributes" : [ {
        "name" : "id",
        "value" : "@1"
      } ],
      "additionalInfo" : {
        "description" : "CLE API Log event",
        "contentType" : "JSON",
        "documentState" : "COMPLETE"
      }
    }
  }, {
    "objectGuid" : "exwKlW9hEQZiQcyNpmCUYt",
    "objectName" : "IF086_TPM",
    "objectType" : "Folder",
    "path" : "/Explore/CHC_KINAXIS_US",
    "metadata" : {
      "modelVersion" : {
        "major" : 0,
        "minor" : 0
      },
      "repoInfo" : null,
      "objectRefs" : [ ],
      "contextAttributes" : [ ],
      "additionalInfo" : {
        "description" : "",
        "contentType" : "Binary",
        "documentState" : "COMPLETE"
      }
    }
  }, {
    "objectGuid" : "3NE9oDKoNflclwRkZvs2wU",
    "objectName" : "MT_M_CHC_KINAXIS_US_TPM_FORECAST",
    "objectType" : "MTT",
    "path" : "/Explore/CHC_KINAXIS_US/IF086_TPM",
    "metadata" : {
      "modelVersion" : {
        "major" : 0,
        "minor" : 0
      },
      "repoInfo" : {
        "repoHandle" : "011AK00Z000000000013"
      },
      "objectRefs" : [ "dfvbKW4XEAGj7nH1vD4NAM", "edQo0Xog7k6hQ4zi7GVM0T", "63WCemv3APvdgCdqxPt7Kc", "0LMJpyU32q6ks51CgZ8laQ", "6VnrkF6yIoejoOojvtZls9", "7RZcWmRG78PgdxypApANCT", "ipvZ4pFPq8XkxvmnIbIfo9", "1shtmdEknPfhp347sXpzYB" ],
      "contextAttributes" : [ {
        "name" : "id",
        "value" : "@1"
      } ],
      "additionalInfo" : {
        "description" : "Generates flat file with forecast for current and next year.\r\n",
        "contentType" : "JSON",
        "documentState" : "VALID"
      }
    }
  }, {
    "objectGuid" : "edQo0Xog7k6hQ4zi7GVM0T",
    "objectName" : "HS_CHC_KINAXIS_US_TPM_Forecast",
    "objectType" : "HSCHEMA",
    "path" : "/Explore/CHC_KINAXIS_US/IF086_TPM",
    "metadata" : {
      "modelVersion" : {
        "major" : 0,
        "minor" : 0
      },
      "repoInfo" : {
        "repoHandle" : "011AK03600000000000A"
      },
      "objectRefs" : [ ],
      "contextAttributes" : [ {
        "name" : "id",
        "value" : "@1"
      } ],
      "additionalInfo" : {
        "description" : "Creates Schema for Forecast JSON source file.",
        "contentType" : "JSON",
        "documentState" : "VALID"
      }
    }
  }, {
    "objectGuid" : "1shtmdEknPfhp347sXpzYB",
    "objectName" : "EMEA-CHC-AWS-CLOUD-SA",
    "objectType" : "AgentGroup",
    "path" : "/SYS",
    "metadata" : {
      "modelVersion" : {
        "major" : 0,
        "minor" : 0
      },
      "repoInfo" : {
        "repoHandle" : "011AK025000000000004"
      },
      "objectRefs" : [ ],
      "contextAttributes" : [ {
        "name" : "id",
        "value" : "@1"
      } ],
      "additionalInfo" : {
        "description" : null,
        "contentType" : "JSON",
        "documentState" : "VALID"
      }
    }
  } ]
}